{
  "Total" : {
    "transaction" : "Total",
    "sampleCount" : 300,
    "errorCount" : 0,
    "errorPct" : 0.0,
    "meanResTime" : 409.9433333333332,
    "medianResTime" : 234.5,
    "minResTime" : 165.0,
    "maxResTime" : 2614.0,
    "pct1ResTime" : 1075.3000000000002,
    "pct2ResTime" : 1355.6999999999998,
    "pct3ResTime" : 2554.4000000000015,
    "throughput" : 39.87770836102619,
    "receivedKBytesPerSec" : 119.94466967964908,
    "sentKBytesPerSec" : 57.32420576897515
  },
  "HTTP Request Fasttext" : {
    "transaction" : "HTTP Request Fasttext",
    "sampleCount" : 100,
    "errorCount" : 0,
    "errorPct" : 0.0,
    "meanResTime" : 391.7200000000001,
    "medianResTime" : 266.5,
    "minResTime" : 166.0,
    "maxResTime" : 1387.0,
    "pct1ResTime" : 1096.7,
    "pct2ResTime" : 1241.2499999999993,
    "pct3ResTime" : 1386.7399999999998,
    "throughput" : 17.1174255391989,
    "receivedKBytesPerSec" : 36.809151403628896,
    "sentKBytesPerSec" : 24.53943426908593
  },
  "HTTP Request Word2Vec" : {
    "transaction" : "HTTP Request Word2Vec",
    "sampleCount" : 100,
    "errorCount" : 0,
    "errorPct" : 0.0,
    "meanResTime" : 291.92000000000013,
    "medianResTime" : 196.5,
    "minResTime" : 165.0,
    "maxResTime" : 1139.0,
    "pct1ResTime" : 524.6,
    "pct2ResTime" : 770.7999999999995,
    "pct3ResTime" : 1136.4799999999987,
    "throughput" : 18.22821728034998,
    "receivedKBytesPerSec" : 39.286792517316805,
    "sentKBytesPerSec" : 26.22086333394094
  },
  "HTTP Request LifeStyles" : {
    "transaction" : "HTTP Request LifeStyles",
    "sampleCount" : 100,
    "errorCount" : 0,
    "errorPct" : 0.0,
    "meanResTime" : 546.1899999999998,
    "medianResTime" : 253.5,
    "minResTime" : 169.0,
    "maxResTime" : 2614.0,
    "pct1ResTime" : 1545.0000000000005,
    "pct2ResTime" : 2336.7499999999986,
    "pct3ResTime" : 2613.64,
    "throughput" : 15.098897780462027,
    "receivedKBytesPerSec" : 71.23317888419145,
    "sentKBytesPerSec" : 21.74890061150536
  }
}